model,mean,sum,median,min,max,count,negative_windows
baseline_guard_adaptive,0.04000507657784132,0.4800609189340958,0.030013138091368713,0.00906511459435927,0.1230790020582584,12,0
baseline_xgb,0.005268819663755885,0.06322583596507063,0.0026383652462463906,-0.012210844278891388,0.029159633087915394,12,5
