model,mean_excess,median_excess,min_excess,max_excess,negative_windows,mean_allocation_ic_all_universe,median_allocation_ic_all_universe,mean_allocation_ic_selected_only,median_allocation_ic_selected_only,mean_n_names
baseline_guard_adaptive,0.040005076577841275,0.03001313809136865,0.0090651145943592,0.1230790020582584,0,0.0886221910267488,0.06855306770722094,0.3054980912615152,0.2984164288527112,72.33333333333333
baseline_xgb,0.005268819663755875,0.00263836524624635,-0.0122108442788913,0.0291596330879153,5,0.0010522451241330236,-0.0314727929143965,-0.003504848748009827,-0.014597839135654201,50.0
