stock_code,weight
002756,0.024691358024691357
002261,0.024382716049382715
000032,0.024074074074074074
600549,0.023765432098765433
002155,0.02345679012345679
688617,0.023148148148148147
688166,0.022839506172839506
688220,0.022530864197530864
600126,0.022222222222222223
600498,0.021913580246913582
600602,0.021604938271604937
300339,0.021296296296296296
300383,0.020987654320987655
601958,0.020679012345679013
603077,0.020370370370370372
600959,0.020061728395061727
000831,0.019753086419753086
300395,0.019444444444444445
000960,0.019135802469135803
300748,0.018827160493827162
600927,0.018518518518518517
300454,0.018209876543209876
688599,0.017901234567901235
002739,0.017592592592592594
301308,0.01728395061728395
600754,0.016975308641975308
600988,0.016666666666666666
000723,0.016358024691358025
600808,0.016049382716049384
300570,0.01574074074074074
600977,0.015432098765432098
601118,0.015123456790123457
002607,0.014814814814814815
000629,0.014506172839506172
688099,0.014197530864197531
000034,0.013888888888888888
600884,0.013580246913580247
600516,0.013271604938271606
601699,0.012962962962962963
000021,0.012654320987654321
002797,0.012345679012345678
600398,0.012037037037037037
001286,0.011728395061728396
600021,0.011419753086419753
603000,0.011111111111111112
600157,0.010802469135802469
688234,0.010493827160493827
688347,0.010185185185185186
601016,0.009876543209876543
601231,0.009567901234567902
002624,0.009259259259259259
300207,0.008950617283950617
002185,0.008641975308641974
301536,0.008333333333333333
300373,0.008024691358024692
300390,0.007716049382716049
300623,0.007407407407407408
603806,0.0070987654320987656
002128,0.006790123456790123
300763,0.006481481481481481
600483,0.006172839506172839
002130,0.005864197530864198
002271,0.005555555555555556
603688,0.005246913580246914
600871,0.0049382716049382715
002273,0.004629629629629629
601799,0.004320987654320987
003035,0.004012345679012346
000155,0.003703703703703704
600339,0.0033950617283950617
601168,0.0030864197530864196
688052,0.002777777777777778
000591,0.0024691358024691358
688469,0.0021604938271604936
601061,0.001851851851851852
300001,0.0015432098765432098
002064,0.0012345679012345679
600968,0.000925925925925926
601212,0.0006172839506172839
688002,0.00030864197530864197
