stock_code,weight
002558,0.023255813953488372
300383,0.02298221614227086
300390,0.02270861833105335
300207,0.02243502051983584
300458,0.02216142270861833
600707,0.02188782489740082
300454,0.02161422708618331
601696,0.0213406292749658
603179,0.02106703146374829
301611,0.02079343365253078
601611,0.02051983584131327
300751,0.02024623803009576
002202,0.01997264021887825
300677,0.01969904240766074
000426,0.019425444596443228
002056,0.019151846785225718
688676,0.018878248974008208
688608,0.018604651162790697
300223,0.018331053351573187
002837,0.018057455540355677
688385,0.017783857729138167
002851,0.017510259917920656
002265,0.017236662106703146
300857,0.016963064295485636
688387,0.016689466484268126
300757,0.016415868673050615
688183,0.016142270861833105
688234,0.015868673050615595
688615,0.015595075239398085
601212,0.015321477428180574
300058,0.015047879616963064
000537,0.014774281805745554
002432,0.014500683994528044
000830,0.014227086183310533
000783,0.013953488372093023
600739,0.013679890560875513
301308,0.013406292749658003
688318,0.013132694938440492
300763,0.012859097127222982
000559,0.012585499316005472
002273,0.012311901504787962
002517,0.012038303693570451
002335,0.011764705882352941
300432,0.01149110807113543
600884,0.01121751025991792
688281,0.01094391244870041
300073,0.0106703146374829
688347,0.01039671682626539
003031,0.01012311901504788
600549,0.00984952120383037
600126,0.009575923392612859
300054,0.009302325581395349
603659,0.009028727770177838
688629,0.008755129958960328
688188,0.008481532147742818
002436,0.008207934336525308
000062,0.007934336525307797
688702,0.007660738714090287
300450,0.007387140902872777
688772,0.007113543091655267
600602,0.006839945280437756
688166,0.006566347469220246
688778,0.006292749658002736
688322,0.006019151846785226
300567,0.005745554035567715
300679,0.005471956224350205
600563,0.005198358413132695
300395,0.004924760601915185
605589,0.004651162790697674
002831,0.004377564979480164
001696,0.004103967168262654
002756,0.0038303693570451436
000415,0.0035567715458276333
688027,0.003283173734610123
600528,0.003009575923392613
002738,0.0027359781121751026
300570,0.0024623803009575923
603806,0.002188782489740082
000155,0.0019151846785225718
000878,0.0016415868673050615
300346,0.0013679890560875513
002429,0.001094391244870041
688172,0.0008207934336525308
688295,0.0005471956224350205
000960,0.00027359781121751026
