stock_code,weight
601212,0.02631578947368421
300751,0.025964912280701753
600673,0.025614035087719297
601615,0.02526315789473684
002409,0.024912280701754386
002203,0.02456140350877193
300054,0.024210526315789474
688347,0.023859649122807018
688599,0.023508771929824562
002025,0.023157894736842106
688234,0.02280701754385965
600316,0.02245614035087719
600435,0.022105263157894735
002945,0.02175438596491228
601865,0.021403508771929824
002056,0.021052631578947368
300142,0.020701754385964912
603659,0.020350877192982456
003022,0.02
600998,0.019649122807017545
603806,0.01929824561403509
603939,0.018947368421052633
600959,0.018596491228070177
300763,0.018245614035087718
688349,0.017894736842105262
300496,0.017543859649122806
600363,0.01719298245614035
603156,0.016842105263157894
688120,0.01649122807017544
300432,0.016140350877192983
688188,0.015789473684210527
000021,0.015438596491228071
300073,0.015087719298245613
300450,0.014736842105263158
300718,0.014385964912280702
600516,0.014035087719298246
603688,0.01368421052631579
600498,0.013333333333333334
600118,0.012982456140350877
600879,0.01263157894736842
000426,0.012280701754385965
688002,0.011929824561403509
300724,0.011578947368421053
600295,0.011228070175438596
300857,0.01087719298245614
002756,0.010526315789473684
001389,0.010175438596491228
688819,0.009824561403508772
002312,0.009473684210526316
601965,0.009122807017543859
000155,0.008771929824561403
601231,0.008421052631578947
000967,0.008070175438596491
002603,0.0077192982456140355
300623,0.007368421052631579
300373,0.007017543859649123
688538,0.006666666666666667
000898,0.00631578947368421
601000,0.0059649122807017545
603290,0.005614035087719298
600299,0.005263157894736842
601608,0.004912280701754386
600808,0.004561403508771929
000723,0.004210526315789474
002008,0.0038596491228070177
000830,0.0035087719298245615
000878,0.003157894736842105
600562,0.002807017543859649
600765,0.002456140350877193
688629,0.002105263157894737
300223,0.0017543859649122807
605358,0.0014035087719298245
688248,0.0010526315789473684
001221,0.0007017543859649122
600131,0.0003508771929824561
