stock_code,weight
300395,0.024691358024691357
603979,0.024382716049382715
600392,0.024074074074074074
300699,0.023765432098765433
000060,0.02345679012345679
000960,0.023148148148148147
601991,0.022839506172839506
688676,0.022530864197530864
002312,0.022222222222222223
600486,0.021913580246913582
000932,0.021604938271604937
603179,0.021296296296296296
601118,0.020987654320987655
600549,0.020679012345679013
603225,0.020370370370370372
600487,0.020061728395061727
600498,0.019753086419753086
603077,0.019444444444444445
300487,0.019135802469135803
688248,0.018827160493827162
003035,0.018518518518518517
601231,0.018209876543209876
601958,0.017901234567901235
002756,0.017592592592592594
000415,0.01728395061728395
600126,0.016975308641975308
002738,0.016666666666666666
000831,0.016358024691358025
000893,0.016049382716049384
002128,0.01574074074074074
601233,0.015432098765432098
300857,0.015123456790123457
688065,0.014814814814814815
002056,0.014506172839506172
300570,0.014197530864197531
002851,0.013888888888888888
600499,0.013580246913580247
300454,0.013271604938271606
000703,0.012962962962962963
688297,0.012654320987654321
603786,0.012345679012345678
600688,0.012037037037037037
601615,0.011728395061728396
688349,0.011419753086419753
600516,0.011111111111111112
002195,0.010802469135802469
600096,0.010493827160493827
300285,0.010185185185185186
000039,0.009876543209876543
000683,0.009567901234567902
000629,0.009259259259259259
000830,0.008950617283950617
601168,0.008641975308641974
000537,0.008333333333333333
600801,0.008024691358024692
600862,0.007716049382716049
601866,0.007407407407407408
600873,0.0070987654320987656
002064,0.006790123456790123
601216,0.006481481481481481
688100,0.006172839506172839
688281,0.005864197530864198
002273,0.005555555555555556
600871,0.005246913580246914
001696,0.0049382716049382715
002436,0.004629629629629629
603688,0.004320987654320987
601567,0.004012345679012346
600131,0.003703703703703704
601555,0.0033950617283950617
600352,0.0030864197530864196
002683,0.002777777777777778
000933,0.0024691358024691358
000878,0.0021604938271604936
002155,0.001851851851851852
600141,0.0015432098765432098
000959,0.0012345679012345679
688347,0.000925925925925926
003031,0.0006172839506172839
300390,0.00030864197530864197
