route,reason,idx_ret_1d,idx_ret_3d,idx_ret_5d,idx_ret_10d,idx_ret_20d,idx_vol_20d,breadth_ret_5d_pos,median_ret_5d,median_ret_20d
fixed_lstm,panic_rebound_sequence_signal,0.004800703071478507,-0.023094048431941183,-0.023551524861024853,0.01752055741730163,-0.08555729519760957,0.01702118207529847,0.2289156626506024,-0.02401181648369405,-0.08584986876050654
