stock_code,weight
002080,0.016054190180962907
002273,0.02147734268775069
002353,0.02570417397196757
002558,0.013177283434563156
300136,0.053002091585714645
300390,0.1591018304765117
300567,0.08754966819881875
300570,0.05848774470517722
301200,0.012127023438561105
301308,0.09060452908532132
605589,0.04364956525146545
688017,0.07142319235114943
688183,0.045073175336339956
688361,0.19075777584426415
688375,0.014742107100636325
688387,0.09706830635079548
