stock_code,weight
300390,0.0392156862745098
000539,0.038431372549019606
600118,0.03764705882352941
300136,0.03686274509803922
002273,0.03607843137254902
300857,0.03529411764705882
300058,0.034509803921568626
601615,0.03372549019607843
300751,0.03294117647058824
301498,0.03215686274509804
600699,0.03137254901960784
688220,0.03058823529411765
600032,0.02980392156862745
300724,0.029019607843137254
300054,0.02823529411764706
688183,0.027450980392156862
688192,0.02666666666666667
688615,0.02588235294117647
002436,0.025098039215686273
002430,0.02431372549019608
300679,0.023529411764705882
600126,0.022745098039215685
003031,0.02196078431372549
300207,0.021176470588235293
600208,0.0203921568627451
688599,0.0196078431372549
300487,0.018823529411764704
300570,0.01803921568627451
603699,0.017254901960784313
600295,0.01647058823529412
301308,0.01568627450980392
000559,0.014901960784313726
688387,0.01411764705882353
600879,0.013333333333333334
002670,0.012549019607843137
603568,0.011764705882352941
603920,0.010980392156862745
688361,0.01019607843137255
002265,0.009411764705882352
002414,0.008627450980392156
300450,0.00784313725490196
000062,0.007058823529411765
688772,0.006274509803921568
600563,0.005490196078431373
300757,0.004705882352941176
688099,0.00392156862745098
601016,0.003137254901960784
688778,0.002352941176470588
688018,0.001568627450980392
002432,0.000784313725490196
