stock_code,_weekly_alpha_score,formula_terms
603233,0.8935871743486974,vol_ratio_5_20:low:0.45 | obv_20d:high:0.35 | amount_z_20d:high:0.2
688052,0.8286573146292585,vol_ratio_5_20:low:0.45 | obv_20d:high:0.35 | amount_z_20d:high:0.2
603650,0.8271142284569138,vol_ratio_5_20:low:0.45 | obv_20d:high:0.35 | amount_z_20d:high:0.2
600177,0.8224849699398799,vol_ratio_5_20:low:0.45 | obv_20d:high:0.35 | amount_z_20d:high:0.2
601098,0.7860721442885771,vol_ratio_5_20:low:0.45 | obv_20d:high:0.35 | amount_z_20d:high:0.2
688475,0.7721042084168337,vol_ratio_5_20:low:0.45 | obv_20d:high:0.35 | amount_z_20d:high:0.2
605589,0.7467735470941884,vol_ratio_5_20:low:0.45 | obv_20d:high:0.35 | amount_z_20d:high:0.2
600985,0.7438677354709419,vol_ratio_5_20:low:0.45 | obv_20d:high:0.35 | amount_z_20d:high:0.2
002409,0.7420440881763527,vol_ratio_5_20:low:0.45 | obv_20d:high:0.35 | amount_z_20d:high:0.2
301358,0.7417434869739479,vol_ratio_5_20:low:0.45 | obv_20d:high:0.35 | amount_z_20d:high:0.2
