stock_code,_weekly_alpha_score,formula_terms
601128,1.0061122244488976,vol_ratio_5_20:low:0.45 | obv_20d:high:0.35 | amount_z_20d:high:0.2
603233,0.9430060120240481,vol_ratio_5_20:low:0.45 | obv_20d:high:0.35 | amount_z_20d:high:0.2
300346,0.9017835671342684,vol_ratio_5_20:low:0.45 | obv_20d:high:0.35 | amount_z_20d:high:0.2
600141,0.8705210420841685,vol_ratio_5_20:low:0.45 | obv_20d:high:0.35 | amount_z_20d:high:0.2
300146,0.8525450901803606,vol_ratio_5_20:low:0.45 | obv_20d:high:0.35 | amount_z_20d:high:0.2
600998,0.8363126252505009,vol_ratio_5_20:low:0.45 | obv_20d:high:0.35 | amount_z_20d:high:0.2
601098,0.8081763527054107,vol_ratio_5_20:low:0.45 | obv_20d:high:0.35 | amount_z_20d:high:0.2
688052,0.797815631262525,vol_ratio_5_20:low:0.45 | obv_20d:high:0.35 | amount_z_20d:high:0.2
603650,0.7913026052104206,vol_ratio_5_20:low:0.45 | obv_20d:high:0.35 | amount_z_20d:high:0.2
688475,0.7810821643286573,vol_ratio_5_20:low:0.45 | obv_20d:high:0.35 | amount_z_20d:high:0.2
