model,as_of,start,end,alpha_lstm,reason,n,max_weight,portfolio_return,benchmark_return,excess_return
guarded_ensemble,20260415,20260416,20260420,0.0,"defensive_lgb_floor: index has pulled back after a strong 10d rally (ret1=-0.0055, ret10=0.0560)",37,0.03811575087615796,0.0346752157822753,0.030574670033616025,0.0041005457486592775
guarded_ensemble,20260420,20260421,20260423,1.0,"normal_lstm: no strong-rally pullback guard triggered (ret1=0.0092, ret10=0.1002)",40,0.10000000000000017,0.024150186621224062,0.0006254506924106007,0.02352473592881346
guarded_ensemble,20260421,20260422,20260424,0.0,"defensive_lgb_floor: index has pulled back after a strong 10d rally (ret1=-0.0024, ret10=0.0924)",50,0.024542596878409963,0.014756196436292479,-0.0027146447776489335,0.017470841213941414
guarded_ensemble,20260422,20260423,20260427,1.0,"normal_lstm: no strong-rally pullback guard triggered (ret1=0.0128, ret10=0.0543)",40,0.1000000000000002,0.023544899044977023,-0.009208492509891975,0.032753391554869
guarded_ensemble,20260424,20260427,20260429,1.0,"normal_lstm: no strong-rally pullback guard triggered (ret1=-0.0057, ret10=0.0349)",40,0.1000000000000002,0.04392432589335982,0.011463072432223775,0.03246125346113604
guarded_ensemble,20260427,20260428,20260430,1.0,"normal_lstm: no strong-rally pullback guard triggered (ret1=0.0062, ret10=0.0416)",40,0.10000000000000012,0.039939322473650646,0.0060800942373033795,0.033859228236347266
