model,mean,sum,median,min,max,count,negative_windows
meta_portfolio_ensemble,0.07261833333333333,0.87142,0.071175,0.037970000000000004,0.14351,12,0
