variant,mean,min,max,count
adaptive_cap,0.05807836444716506,0.03430546936125144,0.08130224694331398,4
base,0.05652081891678336,0.03289282607505589,0.08130224694331398,4
