model,mean,sum,median,min,max,count,negative_windows
hybrid_gate,0.04765833333333333,0.5719,0.041045,0.02235,0.09326000000000001,12,0
