model,mean,sum,median,min,max,count,negative_windows
hybrid_gate,0.0341075,0.40929,0.034210000000000004,0.0070999999999999995,0.061020000000000005,12,0
