model,mean,sum,median,min,max,count,negative_windows
hybrid_gate,0.05290666666666667,0.47616,0.048659999999999995,0.02791,0.08005000000000001,9,0
