model,mean,sum,median,min,max,count,negative_windows
hybrid_gate,0.05768916666666667,0.69227,0.058115,0.03196,0.09326000000000001,12,0
