model,mean,sum,median,min,max,count,negative_windows
hybrid_gate,0.05767333333333333,0.69208,0.058115,0.03177,0.09326000000000001,12,0
