model,mean,sum,median,min,max,count,negative_windows
tree_consensus_guarded_v2,0.015710000000000002,0.14139000000000002,0.011000000000000001,0.0017499999999999998,0.04414,9,0
