model,mean,sum,median,min,max,count,negative_windows
hybrid_gate,0.05844833333333333,0.70138,0.05815,0.03225,0.09326000000000001,12,0
