model,mean,sum,median,min,max,count,negative_windows
hybrid_gate,0.045408333333333335,0.5449,0.041045,0.01986,0.09326000000000001,12,0
