model,mean,sum,median,min,max,count,negative_windows
hybrid_gate_adaptive_cap,0.058967500000000006,0.7076100000000001,0.060555,0.03225,0.09326000000000001,12,0
