model,mean,sum,median,min,max,count,negative_windows
hybrid_gate,0.059937500000000005,0.7192500000000001,0.06417,0.03225,0.09326000000000001,12,0
