model,mean,sum,median,min,max,count,negative_windows
hybrid_gate,0.049945833333333335,0.59935,0.0428,0.02235,0.09326000000000001,12,0
