model,mean,sum,median,min,max,count,negative_windows
hybrid_gate,0.04038888888888889,0.3635,0.04293,0.02519,0.061020000000000005,9,0
