model,mean,sum,median,min,max,count,negative_windows
baseline_guard_adaptive,0.020918129949509107,0.2510175593941093,0.014457266549864997,-0.03149415019743963,0.08931615500421525,12,3
