model,mean,sum,median,min,max,count,negative_windows
meta_portfolio_ensemble,0.08097583333333333,0.97171,0.079515,0.037989999999999996,0.16841,12,0
