model,mean,sum,median,min,max,count,negative_windows
weekly_ridge,0.0032016645660806822,0.03841997479296819,0.008827784948542049,-0.025979143131784177,0.026164773776258667,12,5
