model,mean,sum,median,min,max,count,negative_windows
baseline_guard_adaptive,0.037310392600755755,0.44772471120906904,0.02758120769157782,0.003434106508926865,0.1230790020582584,12,0
