stock_code,weight
688220,0.04000000000000001
603688,0.04000000000000001
002738,0.04000000000000001
002624,0.04000000000000001
300454,0.04000000000000001
000657,0.04000000000000001
000960,0.04000000000000001
600126,0.04000000000000001
688037,0.04000000000000001
301611,0.04000000000000001
600392,0.04000000000000001
600352,0.04000000000000001
300699,0.04000000000000001
688702,0.04000000000000001
002436,0.04000000000000001
002126,0.04000000000000001
300570,0.04000000000000001
688297,0.04000000000000001
600549,0.03154070275371867
688281,0.030564680250423623
002080,0.03396376133780877
300223,0.036489575475064956
003031,0.0207276668297373
688676,0.03438125647753767
301536,0.018552228701231632
601212,0.023726339036805818
002155,0.012335916714257272
000021,0.025735431806263975
000878,0.0034712873760314503
603179,0.008511153241118988
