stock_code,weight
688702,0.04000000000000001
300017,0.04000000000000001
600871,0.04000000000000001
688772,0.04000000000000001
600988,0.04000000000000001
600435,0.04000000000000001
688561,0.04000000000000001
688266,0.04000000000000001
600977,0.04000000000000001
002739,0.04000000000000001
600312,0.04000000000000001
002155,0.03999999999999998
600498,0.03999999999999998
601958,0.03999999999999998
600339,0.03999999999999998
600583,0.03999999999999998
300570,0.03999999999999998
000039,0.04000000000000001
002080,0.03999999999999998
003035,0.03999999999999998
603688,0.038100285969567244
688192,0.033132319274672355
301536,0.028479398732658666
600968,0.024156784090771568
002432,0.02018269258617441
688297,0.01657944454660418
002756,0.013415871076564804
300395,0.01069007808182016
000629,0.008456649486532629
688220,0.0068064761546337135
