model,mean,sum,median,min,max,count
gated_layered_lstm,0.0166844444444444,0.15016,0.00818,-0.00853,0.05933,9
layered_lstm,0.0076566666666666,0.06891,0.0102499999999999,-0.05692,0.05933,9
tuned_xgb,0.0072422222222222,0.06518,0.00254,-0.00853,0.0382,9
lstm_rank_weight,0.0065822222222222,0.05924,0.00932,-0.05619,0.05785,9
baseline,-0.0015144444444444,-0.0136299999999999,-0.00549,-0.0220199999999999,0.03765,9
