model,mean,sum,median,min,max,count
gated_layered_lstm,0.009128,0.04564,0.00254,-0.00853,0.0388,5
lstm_rank_weight,0.007344000000000002,0.03672000000000001,0.01139,-0.05619,0.03722,5
layered_lstm,0.006378,0.03189,0.02125,-0.05077,0.0388,5
tuned_xgb,0.0041080000000000005,0.020540000000000003,0.00254,-0.00853,0.01782,5
lightgbm,0.0010619999999999998,0.005309999999999999,0.00367,-0.01558,0.010709999999999999,5
baseline,-0.006547999999999998,-0.03273999999999999,-0.00835,-0.022019999999999998,0.00909,5
