model,mean,sum,median,min,max,count
gated_layered_lstm,0.021919999999999978,0.10959999999999989,0.01782,0.00254,0.04156,5
layered_lstm,0.00886999999999998,0.0443499999999999,0.01203,-0.05692,0.04156,5
lstm_rank_weight,0.007344000000000001,0.03672,0.01139,-0.05619,0.03722,5
tuned_xgb,0.00410800000000002,0.0205400000000001,0.00254,-0.00853,0.01782,5
baseline,-0.006547999999999979,-0.032739999999999894,-0.00835,-0.0220199999999999,0.00909,5
