model,mean,sum,median,min,max,count
gated_layered_lstm,0.016684444444444443,0.15016,0.00818,-0.00853,0.05933,9
layered_lstm,0.007656666666666667,0.06891,0.010249999999999999,-0.05692,0.05933,9
tuned_xgb,0.007242222222222223,0.06518,0.00254,-0.00853,0.0382,9
lstm_rank_weight,0.006582222222222224,0.059240000000000015,0.00932,-0.05619,0.05785,9
baseline,-0.0015144444444444437,-0.013629999999999993,-0.00549,-0.022019999999999998,0.03765,9
