model,mean,sum,median,min,max,count
layered_lstm,0.00887,0.04435,0.01203,-0.05692,0.04156,5
lstm_rank_weight,0.007344000000000002,0.03672000000000001,0.01139,-0.05619,0.03722,5
tuned_xgb,0.0041080000000000005,0.020540000000000003,0.00254,-0.00853,0.01782,5
baseline,-0.006547999999999998,-0.03273999999999999,-0.00835,-0.022019999999999998,0.00909,5
