model,mean,sum,median,min,max,count
tuned_xgb_h3_shape,0.005788,0.02894,0.00598,0.00025,0.011439999999999999,5
lightgbm_h3_shape,0.004756000000000001,0.023780000000000003,0.00496,0.0032500000000000003,0.00632,5
baseline_xgb,-0.003114,-0.01557,-0.0002,-0.02281,0.01417,5
