model,submission,n_names,max_weight,portfolio_return,benchmark_return,excess_return
pure_lstm_h3_safe,submissions/experiments/window_20260427_lstm_h3_safe.csv,100,0.0347931703058928,0.01104832626714683,0.0060800942373033795,0.00496823202984345
lightgbm_h3,submissions/experiments/window_20260427_lightgbm_h3.csv,55,0.0269255882452434,0.008077353365577685,0.0060800942373033795,0.0019972591282743056
stage1_consensus,submissions/experiments/window_20260427_stage1_consensus.csv,39,0.0397532191647625,0.007547938706244435,0.0060800942373033795,0.0014678444689410555
baseline_xgb,submissions/experiments/window_20260427_baseline_xgb.csv,50,0.0392156862745098,-0.004975604629414062,0.0060800942373033795,-0.011055698866717442
tuned_xgb_h3,submissions/experiments/window_20260427_tuned_xgb_h3.csv,100,0.0148928545396918,-0.005827398961332579,0.0060800942373033795,-0.011907493198635958
gated_lstm_h3_safe_v3,submissions/experiments/window_20260427_gated_lstm_h3_safe_v3.csv,100,0.0148928545396918,-0.005827398961332579,0.0060800942373033795,-0.011907493198635958
