model,mean_excess,min_excess,max_excess,std_excess,sum_excess,count
guarded_ensemble,0.024028332690627745,0.0041005457486592775,0.033859228236347266,0.01169836149814841,0.14416999614376647,6
