model,mean_excess,min_excess,max_excess,std_excess,sum_excess,positive_windows,count
guarded_ensemble_v2,0.020801100713799536,0.0041005457486592775,0.03577538530594623,0.011908783776402915,0.27041430927939397,13,13
