model,as_of,start,end,n,max_weight,portfolio_return,benchmark_return,excess_return
lgb_consensus_previous,20260403,20260407,20260409,30,0.06665670771740731,0.034576846742356254,0.048267815873202835,-0.01369096913084658
lgb_consensus_previous,20260407,20260408,20260410,68,0.019968300625081703,0.05934621138177109,0.052601791203431114,0.006744420178339976
lgb_consensus_previous,20260408,20260409,20260413,30,0.04415388746720539,0.007992878734573888,0.002837453224626474,0.005155425509947414
lgb_consensus_previous,20260409,20260410,20260414,30,0.06377882647504927,0.04501480248564704,0.02404669263656145,0.020968109849085592
lgb_consensus_previous,20260410,20260413,20260415,31,0.04158134170560732,0.018589452024006654,0.009374900007717013,0.00921455201628964
lgb_consensus_previous,20260413,20260414,20260416,30,0.06446462333012,0.036613922448676804,0.026655757617289,0.009958164831387804
lgb_consensus_previous,20260414,20260415,20260417,30,0.04368584655054854,0.029035622464265037,0.015531177393677265,0.013504445070587772
