stock_code,_weekly_alpha_score,formula_terms
301301,0.9135341365461848,vol_ratio_5_20:low:0.45 | obv_20d:high:0.35 | amount_z_20d:high:0.2
002385,0.8726506024096384,vol_ratio_5_20:low:0.45 | obv_20d:high:0.35 | amount_z_20d:high:0.2
688425,0.8542168674698795,vol_ratio_5_20:low:0.45 | obv_20d:high:0.35 | amount_z_20d:high:0.2
001213,0.8446184738955824,vol_ratio_5_20:low:0.45 | obv_20d:high:0.35 | amount_z_20d:high:0.2
600332,0.8238955823293173,vol_ratio_5_20:low:0.45 | obv_20d:high:0.35 | amount_z_20d:high:0.2
300037,0.7805421686746988,vol_ratio_5_20:low:0.45 | obv_20d:high:0.35 | amount_z_20d:high:0.2
002439,0.777991967871486,vol_ratio_5_20:low:0.45 | obv_20d:high:0.35 | amount_z_20d:high:0.2
300070,0.7699598393574295,vol_ratio_5_20:low:0.45 | obv_20d:high:0.35 | amount_z_20d:high:0.2
600642,0.7536546184738956,vol_ratio_5_20:low:0.45 | obv_20d:high:0.35 | amount_z_20d:high:0.2
601098,0.7484538152610443,vol_ratio_5_20:low:0.45 | obv_20d:high:0.35 | amount_z_20d:high:0.2
