stock_code,_weekly_alpha_score,formula_terms
600995,0.8466666666666667,vol_ratio_5_20:low:0.45 | obv_20d:high:0.35 | amount_z_20d:high:0.2
688778,0.8448484848484848,vol_ratio_5_20:low:0.45 | obv_20d:high:0.35 | amount_z_20d:high:0.2
603233,0.8443232323232324,vol_ratio_5_20:low:0.45 | obv_20d:high:0.35 | amount_z_20d:high:0.2
600549,0.8400404040404041,vol_ratio_5_20:low:0.45 | obv_20d:high:0.35 | amount_z_20d:high:0.2
601991,0.8312727272727273,vol_ratio_5_20:low:0.45 | obv_20d:high:0.35 | amount_z_20d:high:0.2
000539,0.8249090909090908,vol_ratio_5_20:low:0.45 | obv_20d:high:0.35 | amount_z_20d:high:0.2
601958,0.7903838383838383,vol_ratio_5_20:low:0.45 | obv_20d:high:0.35 | amount_z_20d:high:0.2
600032,0.772141414141414,vol_ratio_5_20:low:0.45 | obv_20d:high:0.35 | amount_z_20d:high:0.2
600970,0.764060606060606,vol_ratio_5_20:low:0.45 | obv_20d:high:0.35 | amount_z_20d:high:0.2
601567,0.7640202020202019,vol_ratio_5_20:low:0.45 | obv_20d:high:0.35 | amount_z_20d:high:0.2
