stock_code,_weekly_alpha_score,formula_terms
002432,0.8379759519038077,vol_ratio_5_20:low:0.45 | obv_20d:high:0.35 | amount_z_20d:high:0.2
603345,0.8288777555110222,vol_ratio_5_20:low:0.45 | obv_20d:high:0.35 | amount_z_20d:high:0.2
600763,0.8193987975951904,vol_ratio_5_20:low:0.45 | obv_20d:high:0.35 | amount_z_20d:high:0.2
600132,0.7924448897795591,vol_ratio_5_20:low:0.45 | obv_20d:high:0.35 | amount_z_20d:high:0.2
000429,0.7797595190380762,vol_ratio_5_20:low:0.45 | obv_20d:high:0.35 | amount_z_20d:high:0.2
601991,0.7727855711422845,vol_ratio_5_20:low:0.45 | obv_20d:high:0.35 | amount_z_20d:high:0.2
001389,0.7727454909819639,vol_ratio_5_20:low:0.45 | obv_20d:high:0.35 | amount_z_20d:high:0.2
600332,0.77250501002004,vol_ratio_5_20:low:0.45 | obv_20d:high:0.35 | amount_z_20d:high:0.2
600131,0.7641482965931865,vol_ratio_5_20:low:0.45 | obv_20d:high:0.35 | amount_z_20d:high:0.2
601212,0.7635671342685371,vol_ratio_5_20:low:0.45 | obv_20d:high:0.35 | amount_z_20d:high:0.2
